[
  {
    "id": "8b7db540-0d4f-4f2a-bc96-664aa356dfd6",
    "data": [
      {
        "text": "Cancel",
        "userDefined": false
      }
    ],
    "isTemplate": false,
    "count": 0,
    "updated": 1543423020
  },
  {
    "id": "d429ab4f-78ab-43f2-a99a-07f6733581f6",
    "data": [
      {
        "text": "End",
        "userDefined": false
      }
    ],
    "isTemplate": false,
    "count": 0,
    "updated": 1543423020
  },
  {
    "id": "92761241-02a1-4705-8178-0d72a6505858",
    "data": [
      {
        "text": "Adios",
        "userDefined": false
      }
    ],
    "isTemplate": false,
    "count": 0,
    "updated": 1543423020
  },
  {
    "id": "33a730bd-3bd6-48f1-ac48-cfe615c319ce",
    "data": [
      {
        "text": "Bye bye",
        "userDefined": false
      }
    ],
    "isTemplate": false,
    "count": 0,
    "updated": 1543423020
  },
  {
    "id": "a7e246bc-6e7b-4b06-9dca-86b06b48fa34",
    "data": [
      {
        "text": "Goodbye",
        "userDefined": false
      }
    ],
    "isTemplate": false,
    "count": 0,
    "updated": 1543423020
  },
  {
    "id": "3d147dbf-cbf3-430e-8775-ccc24cc7a832",
    "data": [
      {
        "text": "No more beer",
        "userDefined": false
      }
    ],
    "isTemplate": false,
    "count": 0,
    "updated": 1543423020
  }
]