[
  {
    "id": "00882fbe-6bf1-4ee9-88f2-e9a702433a97",
    "data": [
      {
        "text": "15",
        "alias": "numberTable",
        "meta": "@sys.number",
        "userDefined": false
      }
    ],
    "isTemplate": false,
    "count": 0,
    "updated": 1543173969
  },
  {
    "id": "690ea3dd-361d-43c2-bc3b-8be022001e34",
    "data": [
      {
        "text": "My table is ",
        "userDefined": false
      },
      {
        "text": "33",
        "alias": "numberTable",
        "meta": "@sys.number",
        "userDefined": true
      }
    ],
    "isTemplate": false,
    "count": 0,
    "updated": 1543173969
  },
  {
    "id": "c07d81a8-b3e3-4608-a34d-12455950e6e0",
    "data": [
      {
        "text": "Table ",
        "userDefined": false
      },
      {
        "text": "35",
        "alias": "numberTable",
        "meta": "@sys.number",
        "userDefined": false
      }
    ],
    "isTemplate": false,
    "count": 0,
    "updated": 1543173969
  },
  {
    "id": "63f9732b-df55-420d-8f51-9fe053c91035",
    "data": [
      {
        "text": "My table number is ",
        "userDefined": false
      },
      {
        "text": "22",
        "alias": "numberTable",
        "meta": "@sys.number",
        "userDefined": false
      }
    ],
    "isTemplate": false,
    "count": 0,
    "updated": 1543173969
  }
]