[
  {
    "id": "6e4edc7c-edba-4032-b0f4-5c0edc0b4254",
    "data": [
      {
        "text": "Fifty",
        "alias": "number",
        "meta": "@sys.number",
        "userDefined": false
      },
      {
        "text": " beers",
        "userDefined": false
      }
    ],
    "isTemplate": false,
    "count": 0,
    "updated": 1543175004
  },
  {
    "id": "640f90da-1e63-4924-ad64-c72cf76ea33f",
    "data": [
      {
        "text": "Two",
        "alias": "number",
        "meta": "@sys.number",
        "userDefined": false
      },
      {
        "text": " beers",
        "userDefined": false
      }
    ],
    "isTemplate": false,
    "count": 0,
    "updated": 1543175004
  },
  {
    "id": "058195cd-f588-4555-aa5b-1598bb4136fa",
    "data": [
      {
        "text": "One",
        "alias": "number",
        "meta": "@sys.number",
        "userDefined": false
      },
      {
        "text": " beer",
        "userDefined": false
      }
    ],
    "isTemplate": false,
    "count": 0,
    "updated": 1543175004
  }
]