[
  {
    "id": "f3493d05-f0c5-4c01-8003-259a91e65a9f",
    "data": [
      {
        "text": "that\u0027s why I am ",
        "userDefined": false
      },
      {
        "text": "here",
        "meta": "@sys.ignore",
        "userDefined": false
      }
    ],
    "isTemplate": false,
    "count": 0,
    "updated": 1543172548
  },
  {
    "id": "33efa966-648b-490b-9e47-1de5a2c0de29",
    "data": [
      {
        "text": "of course",
        "userDefined": false
      }
    ],
    "isTemplate": false,
    "count": 0,
    "updated": 1543172548
  },
  {
    "id": "2a15ad46-769d-4c49-9fd2-0bf28c3b1bb2",
    "data": [
      {
        "text": "yeah",
        "userDefined": false
      }
    ],
    "isTemplate": false,
    "count": 0,
    "updated": 1543172548
  },
  {
    "id": "68147da1-f9ac-4288-890b-9d7ddffa0e96",
    "data": [
      {
        "text": "sure",
        "userDefined": false
      }
    ],
    "isTemplate": false,
    "count": 0,
    "updated": 1543172548
  },
  {
    "id": "88a24e8c-0440-4c5b-91c2-ab73b8c9d7be",
    "data": [
      {
        "text": "yes,",
        "userDefined": false
      }
    ],
    "isTemplate": false,
    "count": 0,
    "updated": 1543172548
  }
]